,normal_ecg,death
test_f1_score,0.0,0.0
test_recall,0.0,0.0
test_precision,0.0,0.0
test_specificity,1.0,1.0
test_auroc,0.7368420958518982,0.7551948428153992
test_auprc,0.3666268587112427,0.1410490870475769
