,NORM,STACH,SBRAD,SARRH,PAC,PAC_NC,JPC,JEC,AF,AFLT,JTACH,PVC,SPRI,AVCR,LPR,2AVB1,2AVB2,1AVB,AVBVC,AVBHG,3AVB,LAFB,LPFB,CLBBB|LBBB,IRBBB,CRBBB|RBBB,WPW,RAD,LAD,LVOLT,LAO/LAE,LVH,RVH,STD_,STTC,TAB,LNGQT,TUF,STTVH,ERE,AMI,IMI,ASMI,EAMI
test_f1_score,0.7652495503425598,0.0,0.027027027681469917,0.0,0.0,0.0,0.0,0.0,0.0,0.0,0.0,0.0,0.0,0.0,0.0,0.0,0.0,0.0,0.0,0.0,0.0,0.0,0.0,0.0,0.0,0.0,0.0,0.0,0.0,0.0,0.0,0.0,0.0,0.0,0.0,0.0,0.0,0.0,0.0,0.0,0.0,0.0,0.0,0.0
test_recall,0.8734177350997925,0.0,0.013698630034923553,0.0,0.0,0.0,0.0,0.0,0.0,0.0,0.0,0.0,0.0,0.0,0.0,0.0,0.0,0.0,0.0,0.0,0.0,0.0,0.0,0.0,0.0,0.0,0.0,0.0,0.0,0.0,0.0,0.0,0.0,0.0,0.0,0.0,0.0,0.0,0.0,0.0,0.0,0.0,0.0,0.0
test_precision,0.6809210777282715,0.0,1.0,0.0,0.0,0.0,0.0,0.0,0.0,0.0,0.0,0.0,0.0,0.0,0.0,0.0,0.0,0.0,0.0,0.0,0.0,0.0,0.0,0.0,0.0,0.0,0.0,0.0,0.0,0.0,0.0,0.0,0.0,0.0,0.0,0.0,0.0,0.0,0.0,0.0,0.0,0.0,0.0,0.0
test_specificity,0.6311787366867065,1.0,1.0,1.0,1.0,1.0,1.0,1.0,1.0,1.0,1.0,1.0,1.0,1.0,1.0,1.0,1.0,1.0,1.0,1.0,1.0,1.0,1.0,1.0,1.0,1.0,1.0,1.0,1.0,1.0,1.0,1.0,1.0,1.0,1.0,1.0,1.0,1.0,1.0,1.0,1.0,1.0,1.0,1.0
test_auroc,0.8247261047363281,0.9590765237808228,0.9194443821907043,0.5677965879440308,0.5650537014007568,0.0,0.4709419012069702,0.0,0.8358333110809326,0.6817269325256348,0.0,0.9513600468635559,0.30260521173477173,0.5330661535263062,0.8475034236907959,0.0,0.0,0.8096191883087158,0.0,0.0,0.0,0.838787853717804,0.0,1.0000001192092896,0.6575884222984314,0.9344362616539001,0.0,0.7842424511909485,0.0,0.6928427815437317,0.37851405143737793,0.7972391843795776,0.0,0.7270448803901672,0.7941429615020752,0.8376109600067139,0.6152304410934448,0.0,0.6713615655899048,0.0,0.8326613306999207,0.8059476017951965,0.9335357546806335,0.0
test_auprc,0.791506826877594,0.4046691358089447,0.5559296607971191,0.07309684157371521,0.04707949236035347,-0.0,0.0037735849618911743,-0.0,0.18456213176250458,0.009215686470270157,-0.0,0.42649784684181213,0.0028653296176344156,0.004273504484444857,0.11976131051778793,-0.0,-0.0,0.010416666977107525,-0.0,-0.0,-0.0,0.07252510637044907,-0.0,1.0,0.09781362116336823,0.34870225191116333,-0.0,0.06031356379389763,-0.0,0.037444669753313065,0.0053510507568717,0.08372354507446289,-0.0,0.16887806355953217,0.16334013640880585,0.24325022101402283,0.005181347019970417,-0.0,0.021810714155435562,-0.0,0.11334161460399628,0.11200135946273804,0.10888530313968658,-0.0
